Mohamed,2024-12-22,"I would like to express my deepest gratitude to the entire team at [Hospital Name] for your exceptional care and dedication. From the moment I arrived, I felt welcomed and well taken care of. The professionalism, kindness, and compassion that every staff member displayed made a significant difference during my stay.

Thank you to the doctors, nurses, and all healthcare providers for your hard work and commitment to my well-being. Your expertise and attention to detail gave me the confidence I needed during my recovery. ",joy,0.999950474496208
45,2024-12-22,"I would like to express my deepest gratitude to the entire team at [Hospital Name] for your exceptional care and dedication. From the moment I arrived, I felt welcomed and well taken care of. The professionalism, kindness, and compassion that every staff member displayed made a significant difference during my stay.

Thank you to the doctors, nurses, and all healthcare providers for your hard work and commitment to my well-being. Your expertise and attention to detail gave me the confidence I needed during my recovery. ",joy,0.999950474496208
Medhat,2024-12-23,"I would like to express my deepest gratitude to the entire team at [Hospital Name] for your exceptional care and dedication. From the moment I arrived, I felt welcomed and well taken care of. The professionalism, kindness, and compassion that every staff member displayed made a significant difference during my stay.

Thank you to the doctors, nurses, and all healthcare providers for your hard work and commitment to my well-being. Your expertise and attention to detail gave me the confidence I needed during my recovery. ",joy,0.999950474496208
Medhat,2024-12-23,"I would like to express my deepest gratitude to the entire team at [Hospital Name] for your exceptional care and dedication. From the moment I arrived, I felt welcomed and well taken care of. The professionalism, kindness, and compassion that every staff member displayed made a significant difference during my stay.

Thank you to the doctors, nurses, and all healthcare providers for your hard work and commitment to my well-being. Your expertise and attention to detail gave me the confidence I needed during my recovery. ",joy,0.999950474496208
Abram,2024-12-23,thank you for everything,joy,0.49348640592406223
